Depot_ID,Total_Load,Distance,Total_Cost
1,90.0,128.2,128.2
2,120.0,196.2,215.82999999999998
3,118.0,156.82999999999998,167.20999999999998
